<?xml version="1.0" encoding="UTF-8"?>
<WorkflowDefinitions creationDate="2019-01-14T14:17:56Z" versionNumber="12.0.107627.9845">
   <WorkflowDefinition version="1">
      <Name>PoReq_Approval</Name>
      <Description>PoReq_Approval</Description>
      <LastUpdatedBy>sysadmin0@inforbc.com</LastUpdatedBy>
      <Variables>
         <Variable>
            <Name>ApproverThree</Name>
            <DataType>String</DataType>
            <IsWorkflowInput>True</IsWorkflowInput>
            <IsWorkflowOutput>False</IsWorkflowOutput>
            <IsUseValue>False</IsUseValue>
         </Variable>
         <Variable>
            <Name>ReqLine</Name>
            <DataType>String</DataType>
            <IsWorkflowInput>True</IsWorkflowInput>
            <IsWorkflowOutput>True</IsWorkflowOutput>
            <IsUseValue>False</IsUseValue>
         </Variable>
         <Variable>
            <Name>ApproverTwo</Name>
            <DataType>String</DataType>
            <IsWorkflowInput>True</IsWorkflowInput>
            <IsWorkflowOutput>False</IsWorkflowOutput>
            <IsUseValue>False</IsUseValue>
         </Variable>
         <Variable>
            <Name>ApproverOne</Name>
            <DataType>String</DataType>
            <IsWorkflowInput>True</IsWorkflowInput>
            <IsWorkflowOutput>False</IsWorkflowOutput>
            <IsUseValue>False</IsUseValue>
         </Variable>
         <Variable>
            <Name>ApproveReject</Name>
            <DataType>String</DataType>
            <IsWorkflowInput>False</IsWorkflowInput>
            <IsWorkflowOutput>True</IsWorkflowOutput>
            <IsUseValue>False</IsUseValue>
         </Variable>
         <Variable>
            <Name>Item</Name>
            <DataType>String</DataType>
            <IsWorkflowInput>True</IsWorkflowInput>
            <IsWorkflowOutput>False</IsWorkflowOutput>
            <IsUseValue>False</IsUseValue>
         </Variable>
         <Variable>
            <Name>ReqNum</Name>
            <DataType>String</DataType>
            <IsWorkflowInput>True</IsWorkflowInput>
            <IsWorkflowOutput>True</IsWorkflowOutput>
            <IsUseValue>False</IsUseValue>
         </Variable>
         <Variable>
            <Name>DerPlanExtCost</Name>
            <DataType>String</DataType>
            <IsWorkflowInput>True</IsWorkflowInput>
            <IsWorkflowOutput>False</IsWorkflowOutput>
            <IsUseValue>False</IsUseValue>
         </Variable>
         <Variable>
            <Name>ApproverFour</Name>
            <DataType>String</DataType>
            <IsWorkflowInput>True</IsWorkflowInput>
            <IsWorkflowOutput>False</IsWorkflowOutput>
            <IsUseValue>False</IsUseValue>
         </Variable>
         <Variable>
            <Name>ApproverFive</Name>
            <DataType>String</DataType>
            <IsWorkflowInput>True</IsWorkflowInput>
            <IsWorkflowOutput>False</IsWorkflowOutput>
            <IsUseValue>False</IsUseValue>
         </Variable>
         <Variable>
            <Name>QtyOrderedConv</Name>
            <DataType>String</DataType>
            <IsWorkflowInput>True</IsWorkflowInput>
            <IsWorkflowOutput>False</IsWorkflowOutput>
            <IsUseValue>False</IsUseValue>
         </Variable>
      </Variables>
      <Views/>
      <WorkFlowTrees/>
      <DistributionItems>
         <DistributionItem>
            <Id>5241</Id>
            <Type>Person</Type>
            <Name>[ApproverOne]</Name>
            <Description>User from parameter ApproverOne</Description>
            <SendEmail>True</SendEmail>
         </DistributionItem>
         <DistributionItem>
            <Id>5242</Id>
            <Type>Person</Type>
            <Name>[ApproverThree]</Name>
            <Description>User from parameter ApproverThree</Description>
            <SendEmail>True</SendEmail>
         </DistributionItem>
         <DistributionItem>
            <Id>5243</Id>
            <Type>Person</Type>
            <Name>[ApproverFour]</Name>
            <Description>User from parameter ApproverFour</Description>
            <SendEmail>True</SendEmail>
         </DistributionItem>
         <DistributionItem>
            <Id>5244</Id>
            <Type>Person</Type>
            <Name>[ApproverFive]</Name>
            <Description>User from parameter ApproverFive</Description>
            <SendEmail>True</SendEmail>
         </DistributionItem>
         <DistributionItem>
            <Id>5245</Id>
            <Type>Person</Type>
            <Name>[ApproverTwo]</Name>
            <Description>User from parameter ApproverTwo</Description>
            <SendEmail>True</SendEmail>
         </DistributionItem>
      </DistributionItems>
      <WorkflowDecisionTables>
         <WorkflowDecisionTable>
            <Id>160</Id>
            <Decisions/>
            <DecisionColumns/>
            <DefaultDistributionItemIds/>
         </WorkflowDecisionTable>
         <WorkflowDecisionTable>
            <Id>161</Id>
            <Decisions/>
            <DecisionColumns/>
            <DefaultDistributionItemIds/>
         </WorkflowDecisionTable>
         <WorkflowDecisionTable>
            <Id>157</Id>
            <Decisions/>
            <DecisionColumns/>
            <DefaultDistributionItemIds/>
         </WorkflowDecisionTable>
         <WorkflowDecisionTable>
            <Id>158</Id>
            <Decisions/>
            <DecisionColumns/>
            <DefaultDistributionItemIds/>
         </WorkflowDecisionTable>
         <WorkflowDecisionTable>
            <Id>159</Id>
            <Decisions/>
            <DecisionColumns/>
            <DefaultDistributionItemIds/>
         </WorkflowDecisionTable>
      </WorkflowDecisionTables>
      <SequentialFlow>
         <SequenceNumber>0</SequenceNumber>
         <FlowParts>
            <FlowPart type="UserTask">
               <SequenceNumber>1</SequenceNumber>
               <Name>New PoReq: [ReqNum] Needs Approval Tier 1</Name>
               <SummaryMessage>New PoReq: [ReqNum], Line: [ReqLine] Needs Approval. Details: Item [Item], QtyOrdered [QtyOrderedConv], Total Cost [DerPlanExtCost]</SummaryMessage>
               <Priority>Medium</Priority>
               <IsParallel>False</IsParallel>
               <TaskActionType>CustomActions</TaskActionType>
               <ActionButtonVariableName>ApproveReject</ActionButtonVariableName>
               <UserTaskType>USER_TASK</UserTaskType>
               <MaxEscalationLevel>1</MaxEscalationLevel>
               <DistributionComplexity>simple</DistributionComplexity>
               <DistributionItemIds>
                  <DistributionItemId>5241</DistributionItemId>
               </DistributionItemIds>
               <Parameters>
                  <Parameter>
                     <Label>Item</Label>
                     <VariableName>Item</VariableName>
                     <ReadOnly>False</ReadOnly>
                     <SequenceNumber>2</SequenceNumber>
                     <CompletionProperty>NotApplicable</CompletionProperty>
                     <Labels/>
                  </Parameter>
                  <Parameter>
                     <Label>Der Plan Ext Cost</Label>
                     <VariableName>DerPlanExtCost</VariableName>
                     <ReadOnly>False</ReadOnly>
                     <SequenceNumber>0</SequenceNumber>
                     <CompletionProperty>NotApplicable</CompletionProperty>
                     <Labels/>
                  </Parameter>
                  <Parameter>
                     <Label>Req Num</Label>
                     <VariableName>ReqNum</VariableName>
                     <ReadOnly>False</ReadOnly>
                     <SequenceNumber>4</SequenceNumber>
                     <CompletionProperty>NotApplicable</CompletionProperty>
                     <Labels/>
                  </Parameter>
                  <Parameter>
                     <Label>Qty Ordered Conv</Label>
                     <VariableName>QtyOrderedConv</VariableName>
                     <ReadOnly>False</ReadOnly>
                     <SequenceNumber>1</SequenceNumber>
                     <CompletionProperty>NotApplicable</CompletionProperty>
                     <Labels/>
                  </Parameter>
                  <Parameter>
                     <Label>Req Line</Label>
                     <VariableName>ReqLine</VariableName>
                     <ReadOnly>False</ReadOnly>
                     <SequenceNumber>3</SequenceNumber>
                     <CompletionProperty>NotApplicable</CompletionProperty>
                     <Labels/>
                  </Parameter>
               </Parameters>
               <ActionButtons>
                  <ActionButton>
                     <SequenceNumber>1</SequenceNumber>
                     <Label>Reject</Label>
                     <Value>Reject</Value>
                     <Labels/>
                  </ActionButton>
                  <ActionButton>
                     <SequenceNumber>0</SequenceNumber>
                     <Label>Approve</Label>
                     <Value>Approve</Value>
                     <Labels/>
                  </ActionButton>
               </ActionButtons>
               <TaskMessages/>
               <Escalations/>
               <WorkflowDecisionTableIds>
                  <WorkflowDecisionTableId>157</WorkflowDecisionTableId>
               </WorkflowDecisionTableIds>
            </FlowPart>
            <FlowPart type="Decision">
               <SequenceNumber>2</SequenceNumber>
               <Condition>&lt;?xml version="1.0" encoding="UTF-8"?&gt;&lt;Condition version="1.0"&gt;&lt;UsedSubcondition&gt;Combined&lt;/UsedSubcondition&gt;&lt;Subconditions&gt;&lt;Subcondition&gt;&lt;Name&gt;ApproverTwo&lt;/Name&gt;&lt;Type&gt;AttributeValueComparison&lt;/Type&gt;&lt;AttributeName&gt;ApproverTwo&lt;/AttributeName&gt;&lt;ComparisonOperator&gt;NotEqual&lt;/ComparisonOperator&gt;&lt;Value/&gt;&lt;/Subcondition&gt;&lt;Subcondition&gt;&lt;Name&gt;ApproveReject&lt;/Name&gt;&lt;Type&gt;AttributeValueComparison&lt;/Type&gt;&lt;AttributeName&gt;ApproveReject&lt;/AttributeName&gt;&lt;ComparisonOperator&gt;Equal&lt;/ComparisonOperator&gt;&lt;Value&gt;Approve&lt;/Value&gt;&lt;/Subcondition&gt;&lt;Subcondition&gt;&lt;Name&gt;Combined&lt;/Name&gt;&lt;Type&gt;CombinedCondition&lt;/Type&gt;&lt;Conditions&gt;ApproverTwo,ApproveReject&lt;/Conditions&gt;&lt;ANDOR&gt;AND&lt;/ANDOR&gt;&lt;/Subcondition&gt;&lt;/Subconditions&gt;&lt;/Condition&gt;</Condition>
               <TrueBranch>
                  <SequentialFlow>
                     <SequenceNumber>0</SequenceNumber>
                     <FlowParts>
                        <FlowPart type="Decision">
                           <SequenceNumber>2</SequenceNumber>
                           <Condition>&lt;?xml version="1.0" encoding="UTF-8"?&gt;&lt;Condition version="1.0"&gt;&lt;UsedSubcondition&gt;Combined&lt;/UsedSubcondition&gt;&lt;Subconditions&gt;&lt;Subcondition&gt;&lt;Name&gt;ApproverThree&lt;/Name&gt;&lt;Type&gt;AttributeValueComparison&lt;/Type&gt;&lt;AttributeName&gt;ApproverThree&lt;/AttributeName&gt;&lt;ComparisonOperator&gt;NotEqual&lt;/ComparisonOperator&gt;&lt;Value/&gt;&lt;/Subcondition&gt;&lt;Subcondition&gt;&lt;Name&gt;ApproveReject&lt;/Name&gt;&lt;Type&gt;AttributeValueComparison&lt;/Type&gt;&lt;AttributeName&gt;ApproveReject&lt;/AttributeName&gt;&lt;ComparisonOperator&gt;Equal&lt;/ComparisonOperator&gt;&lt;Value&gt;Approve&lt;/Value&gt;&lt;/Subcondition&gt;&lt;Subcondition&gt;&lt;Name&gt;Combined&lt;/Name&gt;&lt;Type&gt;CombinedCondition&lt;/Type&gt;&lt;Conditions&gt;ApproveReject,ApproverThree&lt;/Conditions&gt;&lt;ANDOR&gt;AND&lt;/ANDOR&gt;&lt;/Subcondition&gt;&lt;/Subconditions&gt;&lt;/Condition&gt;</Condition>
                           <TrueBranch>
                              <SequentialFlow>
                                 <SequenceNumber>0</SequenceNumber>
                                 <FlowParts>
                                    <FlowPart type="UserTask">
                                       <SequenceNumber>1</SequenceNumber>
                                       <Name>New PoReq: [ReqNum] Needs Approval Tier 3</Name>
                                       <SummaryMessage>New PoReq: [ReqNum], Line: [ReqLine] Needs Approval. Details: Item [Item], QtyOrdered [QtyOrderedConv], Total Cost [DerPlanExtCost]</SummaryMessage>
                                       <Priority>Medium</Priority>
                                       <IsParallel>False</IsParallel>
                                       <TaskActionType>CustomActions</TaskActionType>
                                       <ActionButtonVariableName>ApproveReject</ActionButtonVariableName>
                                       <UserTaskType>USER_TASK</UserTaskType>
                                       <MaxEscalationLevel>1</MaxEscalationLevel>
                                       <DistributionComplexity>simple</DistributionComplexity>
                                       <DistributionItemIds>
                                          <DistributionItemId>5242</DistributionItemId>
                                       </DistributionItemIds>
                                       <Parameters>
                                          <Parameter>
                                             <Label>Req Line</Label>
                                             <VariableName>ReqLine</VariableName>
                                             <ReadOnly>False</ReadOnly>
                                             <SequenceNumber>3</SequenceNumber>
                                             <CompletionProperty>NotApplicable</CompletionProperty>
                                             <Labels/>
                                          </Parameter>
                                          <Parameter>
                                             <Label>Der Plan Ext Cost</Label>
                                             <VariableName>DerPlanExtCost</VariableName>
                                             <ReadOnly>False</ReadOnly>
                                             <SequenceNumber>0</SequenceNumber>
                                             <CompletionProperty>NotApplicable</CompletionProperty>
                                             <Labels/>
                                          </Parameter>
                                          <Parameter>
                                             <Label>Item</Label>
                                             <VariableName>Item</VariableName>
                                             <ReadOnly>False</ReadOnly>
                                             <SequenceNumber>2</SequenceNumber>
                                             <CompletionProperty>NotApplicable</CompletionProperty>
                                             <Labels/>
                                          </Parameter>
                                          <Parameter>
                                             <Label>Qty Ordered Conv</Label>
                                             <VariableName>QtyOrderedConv</VariableName>
                                             <ReadOnly>False</ReadOnly>
                                             <SequenceNumber>1</SequenceNumber>
                                             <CompletionProperty>NotApplicable</CompletionProperty>
                                             <Labels/>
                                          </Parameter>
                                          <Parameter>
                                             <Label>Req Num</Label>
                                             <VariableName>ReqNum</VariableName>
                                             <ReadOnly>False</ReadOnly>
                                             <SequenceNumber>4</SequenceNumber>
                                             <CompletionProperty>NotApplicable</CompletionProperty>
                                             <Labels/>
                                          </Parameter>
                                       </Parameters>
                                       <ActionButtons>
                                          <ActionButton>
                                             <SequenceNumber>0</SequenceNumber>
                                             <Label>Approve</Label>
                                             <Value>Approve</Value>
                                             <Labels/>
                                          </ActionButton>
                                          <ActionButton>
                                             <SequenceNumber>1</SequenceNumber>
                                             <Label>Reject</Label>
                                             <Value>Reject</Value>
                                             <Labels/>
                                          </ActionButton>
                                       </ActionButtons>
                                       <TaskMessages/>
                                       <Escalations/>
                                       <WorkflowDecisionTableIds>
                                          <WorkflowDecisionTableId>158</WorkflowDecisionTableId>
                                       </WorkflowDecisionTableIds>
                                    </FlowPart>
                                    <FlowPart type="Decision">
                                       <SequenceNumber>2</SequenceNumber>
                                       <Condition>&lt;?xml version="1.0" encoding="UTF-8"?&gt;&lt;Condition version="1.0"&gt;&lt;UsedSubcondition&gt;Combined&lt;/UsedSubcondition&gt;&lt;Subconditions&gt;&lt;Subcondition&gt;&lt;Name&gt;ApproverFour&lt;/Name&gt;&lt;Type&gt;AttributeValueComparison&lt;/Type&gt;&lt;AttributeName&gt;ApproverFour&lt;/AttributeName&gt;&lt;ComparisonOperator&gt;NotEqual&lt;/ComparisonOperator&gt;&lt;Value/&gt;&lt;/Subcondition&gt;&lt;Subcondition&gt;&lt;Name&gt;ApproveReject&lt;/Name&gt;&lt;Type&gt;AttributeValueComparison&lt;/Type&gt;&lt;AttributeName&gt;ApproveReject&lt;/AttributeName&gt;&lt;ComparisonOperator&gt;Equal&lt;/ComparisonOperator&gt;&lt;Value&gt;Approve&lt;/Value&gt;&lt;/Subcondition&gt;&lt;Subcondition&gt;&lt;Name&gt;Combined&lt;/Name&gt;&lt;Type&gt;CombinedCondition&lt;/Type&gt;&lt;Conditions&gt;ApproveReject,ApproverFour&lt;/Conditions&gt;&lt;ANDOR&gt;AND&lt;/ANDOR&gt;&lt;/Subcondition&gt;&lt;/Subconditions&gt;&lt;/Condition&gt;</Condition>
                                       <TrueBranch>
                                          <SequentialFlow>
                                             <SequenceNumber>0</SequenceNumber>
                                             <FlowParts>
                                                <FlowPart type="Decision">
                                                   <SequenceNumber>2</SequenceNumber>
                                                   <Condition>&lt;?xml version="1.0" encoding="UTF-8"?&gt;&lt;Condition version="1.0"&gt;&lt;UsedSubcondition&gt;Combined&lt;/UsedSubcondition&gt;&lt;Subconditions&gt;&lt;Subcondition&gt;&lt;Name&gt;ApproverFive&lt;/Name&gt;&lt;Type&gt;AttributeValueComparison&lt;/Type&gt;&lt;AttributeName&gt;ApproverFive&lt;/AttributeName&gt;&lt;ComparisonOperator&gt;NotEqual&lt;/ComparisonOperator&gt;&lt;Value/&gt;&lt;/Subcondition&gt;&lt;Subcondition&gt;&lt;Name&gt;ApproveReject&lt;/Name&gt;&lt;Type&gt;AttributeValueComparison&lt;/Type&gt;&lt;AttributeName&gt;ApproveReject&lt;/AttributeName&gt;&lt;ComparisonOperator&gt;Equal&lt;/ComparisonOperator&gt;&lt;Value&gt;Approve&lt;/Value&gt;&lt;/Subcondition&gt;&lt;Subcondition&gt;&lt;Name&gt;Combined&lt;/Name&gt;&lt;Type&gt;CombinedCondition&lt;/Type&gt;&lt;Conditions&gt;ApproveReject,ApproverFive&lt;/Conditions&gt;&lt;ANDOR&gt;AND&lt;/ANDOR&gt;&lt;/Subcondition&gt;&lt;/Subconditions&gt;&lt;/Condition&gt;</Condition>
                                                   <TrueBranch>
                                                      <SequentialFlow>
                                                         <SequenceNumber>0</SequenceNumber>
                                                         <FlowParts>
                                                            <FlowPart type="UserTask">
                                                               <SequenceNumber>1</SequenceNumber>
                                                               <Name>New PoReq: [ReqNum] Needs Approval Tier 5</Name>
                                                               <SummaryMessage>New PoReq: [ReqNum], Line: [ReqLine] Needs Approval. Details: Item [Item], QtyOrdered [QtyOrderedConv], Total Cost [DerPlanExtCost]</SummaryMessage>
                                                               <Priority>Medium</Priority>
                                                               <IsParallel>False</IsParallel>
                                                               <TaskActionType>CustomActions</TaskActionType>
                                                               <ActionButtonVariableName>ApproveReject</ActionButtonVariableName>
                                                               <UserTaskType>USER_TASK</UserTaskType>
                                                               <MaxEscalationLevel>1</MaxEscalationLevel>
                                                               <DistributionComplexity>simple</DistributionComplexity>
                                                               <DistributionItemIds>
                                                                  <DistributionItemId>5244</DistributionItemId>
                                                               </DistributionItemIds>
                                                               <Parameters>
                                                                  <Parameter>
                                                                     <Label>Qty Ordered Conv</Label>
                                                                     <VariableName>QtyOrderedConv</VariableName>
                                                                     <ReadOnly>False</ReadOnly>
                                                                     <SequenceNumber>1</SequenceNumber>
                                                                     <CompletionProperty>NotApplicable</CompletionProperty>
                                                                     <Labels/>
                                                                  </Parameter>
                                                                  <Parameter>
                                                                     <Label>Der Plan Ext Cost</Label>
                                                                     <VariableName>DerPlanExtCost</VariableName>
                                                                     <ReadOnly>False</ReadOnly>
                                                                     <SequenceNumber>0</SequenceNumber>
                                                                     <CompletionProperty>NotApplicable</CompletionProperty>
                                                                     <Labels/>
                                                                  </Parameter>
                                                                  <Parameter>
                                                                     <Label>Item</Label>
                                                                     <VariableName>Item</VariableName>
                                                                     <ReadOnly>False</ReadOnly>
                                                                     <SequenceNumber>2</SequenceNumber>
                                                                     <CompletionProperty>NotApplicable</CompletionProperty>
                                                                     <Labels/>
                                                                  </Parameter>
                                                                  <Parameter>
                                                                     <Label>Req Num</Label>
                                                                     <VariableName>ReqNum</VariableName>
                                                                     <ReadOnly>False</ReadOnly>
                                                                     <SequenceNumber>4</SequenceNumber>
                                                                     <CompletionProperty>NotApplicable</CompletionProperty>
                                                                     <Labels/>
                                                                  </Parameter>
                                                                  <Parameter>
                                                                     <Label>Req Line</Label>
                                                                     <VariableName>ReqLine</VariableName>
                                                                     <ReadOnly>False</ReadOnly>
                                                                     <SequenceNumber>3</SequenceNumber>
                                                                     <CompletionProperty>NotApplicable</CompletionProperty>
                                                                     <Labels/>
                                                                  </Parameter>
                                                               </Parameters>
                                                               <ActionButtons>
                                                                  <ActionButton>
                                                                     <SequenceNumber>1</SequenceNumber>
                                                                     <Label>Reject</Label>
                                                                     <Value>Reject</Value>
                                                                     <Labels/>
                                                                  </ActionButton>
                                                                  <ActionButton>
                                                                     <SequenceNumber>0</SequenceNumber>
                                                                     <Label>Approve</Label>
                                                                     <Value>Approve</Value>
                                                                     <Labels/>
                                                                  </ActionButton>
                                                               </ActionButtons>
                                                               <TaskMessages/>
                                                               <Escalations/>
                                                               <WorkflowDecisionTableIds>
                                                                  <WorkflowDecisionTableId>160</WorkflowDecisionTableId>
                                                               </WorkflowDecisionTableIds>
                                                            </FlowPart>
                                                         </FlowParts>
                                                      </SequentialFlow>
                                                   </TrueBranch>
                                                   <FalseBranch>
                                                      <SequentialFlow>
                                                         <SequenceNumber>0</SequenceNumber>
                                                         <FlowParts/>
                                                      </SequentialFlow>
                                                   </FalseBranch>
                                                </FlowPart>
                                                <FlowPart type="UserTask">
                                                   <SequenceNumber>1</SequenceNumber>
                                                   <Name>New PoReq: [ReqNum] Needs Approval Tier 4</Name>
                                                   <SummaryMessage>New PoReq: [ReqNum], Line: [ReqLine] Needs Approval. Details: Item [Item], QtyOrdered [QtyOrderedConv], Total Cost [DerPlanExtCost]</SummaryMessage>
                                                   <Priority>Medium</Priority>
                                                   <IsParallel>False</IsParallel>
                                                   <TaskActionType>CustomActions</TaskActionType>
                                                   <ActionButtonVariableName>ApproveReject</ActionButtonVariableName>
                                                   <UserTaskType>USER_TASK</UserTaskType>
                                                   <MaxEscalationLevel>1</MaxEscalationLevel>
                                                   <DistributionComplexity>simple</DistributionComplexity>
                                                   <DistributionItemIds>
                                                      <DistributionItemId>5243</DistributionItemId>
                                                   </DistributionItemIds>
                                                   <Parameters>
                                                      <Parameter>
                                                         <Label>Der Plan Ext Cost</Label>
                                                         <VariableName>DerPlanExtCost</VariableName>
                                                         <ReadOnly>False</ReadOnly>
                                                         <SequenceNumber>0</SequenceNumber>
                                                         <CompletionProperty>NotApplicable</CompletionProperty>
                                                         <Labels/>
                                                      </Parameter>
                                                      <Parameter>
                                                         <Label>Item</Label>
                                                         <VariableName>Item</VariableName>
                                                         <ReadOnly>False</ReadOnly>
                                                         <SequenceNumber>2</SequenceNumber>
                                                         <CompletionProperty>NotApplicable</CompletionProperty>
                                                         <Labels/>
                                                      </Parameter>
                                                      <Parameter>
                                                         <Label>Qty Ordered Conv</Label>
                                                         <VariableName>QtyOrderedConv</VariableName>
                                                         <ReadOnly>False</ReadOnly>
                                                         <SequenceNumber>1</SequenceNumber>
                                                         <CompletionProperty>NotApplicable</CompletionProperty>
                                                         <Labels/>
                                                      </Parameter>
                                                      <Parameter>
                                                         <Label>Req Line</Label>
                                                         <VariableName>ReqLine</VariableName>
                                                         <ReadOnly>False</ReadOnly>
                                                         <SequenceNumber>3</SequenceNumber>
                                                         <CompletionProperty>NotApplicable</CompletionProperty>
                                                         <Labels/>
                                                      </Parameter>
                                                      <Parameter>
                                                         <Label>Req Num</Label>
                                                         <VariableName>ReqNum</VariableName>
                                                         <ReadOnly>False</ReadOnly>
                                                         <SequenceNumber>4</SequenceNumber>
                                                         <CompletionProperty>NotApplicable</CompletionProperty>
                                                         <Labels/>
                                                      </Parameter>
                                                   </Parameters>
                                                   <ActionButtons>
                                                      <ActionButton>
                                                         <SequenceNumber>0</SequenceNumber>
                                                         <Label>Approve</Label>
                                                         <Value>Approve</Value>
                                                         <Labels/>
                                                      </ActionButton>
                                                      <ActionButton>
                                                         <SequenceNumber>1</SequenceNumber>
                                                         <Label>Reject</Label>
                                                         <Value>Reject</Value>
                                                         <Labels/>
                                                      </ActionButton>
                                                   </ActionButtons>
                                                   <TaskMessages/>
                                                   <Escalations/>
                                                   <WorkflowDecisionTableIds>
                                                      <WorkflowDecisionTableId>159</WorkflowDecisionTableId>
                                                   </WorkflowDecisionTableIds>
                                                </FlowPart>
                                             </FlowParts>
                                          </SequentialFlow>
                                       </TrueBranch>
                                       <FalseBranch>
                                          <SequentialFlow>
                                             <SequenceNumber>0</SequenceNumber>
                                             <FlowParts/>
                                          </SequentialFlow>
                                       </FalseBranch>
                                    </FlowPart>
                                 </FlowParts>
                              </SequentialFlow>
                           </TrueBranch>
                           <FalseBranch>
                              <SequentialFlow>
                                 <SequenceNumber>0</SequenceNumber>
                                 <FlowParts/>
                              </SequentialFlow>
                           </FalseBranch>
                        </FlowPart>
                        <FlowPart type="UserTask">
                           <SequenceNumber>1</SequenceNumber>
                           <Name>New PoReq: [ReqNum] Needs Approval Tier 2</Name>
                           <SummaryMessage>New PoReq: [ReqNum], Line: [ReqLine] Needs Approval. Details: Item [Item], QtyOrdered [QtyOrderedConv], Total Cost [DerPlanExtCost]</SummaryMessage>
                           <Priority>Medium</Priority>
                           <IsParallel>False</IsParallel>
                           <TaskActionType>CustomActions</TaskActionType>
                           <ActionButtonVariableName>ApproveReject</ActionButtonVariableName>
                           <UserTaskType>USER_TASK</UserTaskType>
                           <MaxEscalationLevel>1</MaxEscalationLevel>
                           <DistributionComplexity>simple</DistributionComplexity>
                           <DistributionItemIds>
                              <DistributionItemId>5245</DistributionItemId>
                           </DistributionItemIds>
                           <Parameters>
                              <Parameter>
                                 <Label>Qty Ordered Conv</Label>
                                 <VariableName>QtyOrderedConv</VariableName>
                                 <ReadOnly>False</ReadOnly>
                                 <SequenceNumber>1</SequenceNumber>
                                 <CompletionProperty>NotApplicable</CompletionProperty>
                                 <Labels/>
                              </Parameter>
                              <Parameter>
                                 <Label>Req Num</Label>
                                 <VariableName>ReqNum</VariableName>
                                 <ReadOnly>False</ReadOnly>
                                 <SequenceNumber>4</SequenceNumber>
                                 <CompletionProperty>NotApplicable</CompletionProperty>
                                 <Labels/>
                              </Parameter>
                              <Parameter>
                                 <Label>Item</Label>
                                 <VariableName>Item</VariableName>
                                 <ReadOnly>False</ReadOnly>
                                 <SequenceNumber>2</SequenceNumber>
                                 <CompletionProperty>NotApplicable</CompletionProperty>
                                 <Labels/>
                              </Parameter>
                              <Parameter>
                                 <Label>Req Line</Label>
                                 <VariableName>ReqLine</VariableName>
                                 <ReadOnly>False</ReadOnly>
                                 <SequenceNumber>3</SequenceNumber>
                                 <CompletionProperty>NotApplicable</CompletionProperty>
                                 <Labels/>
                              </Parameter>
                              <Parameter>
                                 <Label>Der Plan Ext Cost</Label>
                                 <VariableName>DerPlanExtCost</VariableName>
                                 <ReadOnly>False</ReadOnly>
                                 <SequenceNumber>0</SequenceNumber>
                                 <CompletionProperty>NotApplicable</CompletionProperty>
                                 <Labels/>
                              </Parameter>
                           </Parameters>
                           <ActionButtons>
                              <ActionButton>
                                 <SequenceNumber>0</SequenceNumber>
                                 <Label>Approve</Label>
                                 <Value>Approve</Value>
                                 <Labels/>
                              </ActionButton>
                              <ActionButton>
                                 <SequenceNumber>1</SequenceNumber>
                                 <Label>Reject</Label>
                                 <Value>Reject</Value>
                                 <Labels/>
                              </ActionButton>
                           </ActionButtons>
                           <TaskMessages/>
                           <Escalations/>
                           <WorkflowDecisionTableIds>
                              <WorkflowDecisionTableId>161</WorkflowDecisionTableId>
                           </WorkflowDecisionTableIds>
                        </FlowPart>
                     </FlowParts>
                  </SequentialFlow>
               </TrueBranch>
               <FalseBranch>
                  <SequentialFlow>
                     <SequenceNumber>0</SequenceNumber>
                     <FlowParts/>
                  </SequentialFlow>
               </FalseBranch>
            </FlowPart>
         </FlowParts>
      </SequentialFlow>
   </WorkflowDefinition>
</WorkflowDefinitions>
