<?xml version="1.0" encoding="UTF-8"?>
<ProcessWorkflow>
	<ApplicationArea>
		<Sender>
			<LogicalID>infor.syteline.dals</LogicalID>
			<ConfirmationCode>OnError</ConfirmationCode>
		</Sender>
		<CreationDateTime>2019-01-14T14:12:47Z</CreationDateTime>
		<BODID />
	</ApplicationArea>
	<DataArea>
		<Process>
			<TenantID>infor</TenantID>
			<ActionCriteria>
				<ActionExpression actionCode="Add" />
			</ActionCriteria>
		</Process>
		<Workflow>
			<DocumentID>
				<ID xmlns="" lid="infor.syteline.dals">1</ID>
				<RevisionID xmlns="">1</RevisionID>
			</DocumentID>
			<DisplayID>48</DisplayID>
			<LastModificationDateTime>2019-01-14T14:12:47Z</LastModificationDateTime>
			<LastModificationPerson>
				<IDs>
					<ID lid="infor.syteline.dals">$Service</ID>
				</IDs>
			</LastModificationPerson>
			<DocumentReference type="PoReq_Approval">
				<ID lid="infor.syteline.dals">48</ID>
			</DocumentReference>
			<Status>
				<Code listID="Workflow Status">Initial</Code>
			</Status>
			<WorkflowDefinitionCode listID="PoReq">PoReq_Approval</WorkflowDefinitionCode>
			<Property sequence="1">
				<NameValue name="ApproverOne" type="StringType">coppermann@inforbc.com</NameValue>
			</Property>
			<Property sequence="2">
				<NameValue name="ApproverTwo" type="StringType">sysadmin0@inforbc.com</NameValue>
			</Property>
			<Property sequence="3">
				<NameValue name="ApproverThree" type="StringType" />
			</Property>
			<Property sequence="4">
				<NameValue name="ApproverFour" type="StringType" />
			</Property>
			<Property sequence="5">
				<NameValue name="ApproverFive" type="StringType" />
			</Property>
			<Property sequence="6">
				<NameValue name="ReqNum" type="StringType">DR00000007</NameValue>
			</Property>
			<Property sequence="7">
				<NameValue name="ReqLine" type="StringType">2</NameValue>
			</Property>
			<Property sequence="8">
				<NameValue name="Item" type="StringType">14125-083</NameValue>
			</Property>
			<Property sequence="9">
				<NameValue name="QtyOrderedConv" type="StringType">1000.00</NameValue>
			</Property>
			<Property sequence="10">
				<NameValue name="DerPlanExtCost" type="StringType">2000.0000000000</NameValue>
			</Property>
		</Workflow>
	</DataArea>
</ProcessWorkflow>